,seq_id,ang_vel_err_mean,acc_err_mean,ang_vel_err_max,acc_err_max
0,2100421890282669,0.4083007262298287,0.38100039697081306,4.499629471602328,3.3777181495775372
1,247823452637228,0.42522864175900466,0.22479510616177542,4.923834046505266,2.1576640844274784
2,146734859523827,0.8082871258431952,0.32488436683470723,7.3516767396883775,5.1974255544524
3,1795239267188486,0.7315036389150507,0.45220723104334465,7.914735216433812,3.3369626719621213
4,1718648064889757,0.609201331423657,0.5466607110324041,5.035673105091951,4.872422971167915
5,2063273887328664,0.5141019260501615,0.3243580286030164,4.344525506601057,4.2844358656154435
6,395135734333599,0.5678368614015927,0.4437803014191427,3.3880998946340535,5.470308651416098
7,263070267597787,0.984993966483924,0.39409575655227574,14.15708547985517,3.7087138406864186
8,1014753008676428,0.4211266738432601,0.4499978808535735,6.14176077351349,6.5385445087043825
9,198123397647575,0.8270296081163887,0.17746728376468884,7.391440772302777,1.9269818014880389
10,1931177940505479,0.6323465472956145,0.5263795069990247,5.34983127853255,2.9162706064973145
11,145820422949970,0.7086126503259614,0.354384620856151,8.502895708155195,2.597933826771118
12,182009952689275,0.4915659218734629,0.16971767508836827,4.935827933951508,2.4046692607482782
13,1008221029329889,0.6460344291633409,0.4559256738932654,4.107622603207795,3.356070616477434
14,399195950576622,0.9270716124506027,0.3031332572533678,7.279914507650504,3.05003086899336
15,643495372649567,0.27099838629088463,0.25190068306585406,3.99338084938459,3.1922661119476423
16,1024599341033662,0.7401467172950085,0.17589150076683177,6.0962665655592065,2.5591500130307927
17,203487666948423,0.5031851576394406,0.32686965462384715,4.078669929423323,3.9121464361674225
18,410916322722958,0.18820215867678042,0.16239855667321726,4.5520072631145885,5.177721440143675
19,955615084638299,0.8862632835877179,0.27749325922859425,11.895398012959859,4.050545611953495
20,237500726938324,0.7243526242541714,0.28368372731405583,4.535843731881867,6.069836211429331
21,670410520012837,0.9827064545841857,0.2033035158233327,4.504111210691072,7.142442759703115
22,898972030293554,0.9425636355730025,0.21442885314903787,8.371373449760824,3.6525224515884225
23,299905500837994,0.701880325910289,0.22686580551434932,6.869847451282845,3.459756490944497
24,353903485150701,0.9303084127854558,0.1961125288148991,6.074394923489435,2.341292834668437
25,501321100341226,0.6488090260331627,0.1624194113952486,7.682798893328907,2.557634892893072
26,910410555821206,0.7050940034725712,0.1727904262633702,5.559456905955476,1.1670049608571829
27,327734051135228,0.6086530070392223,0.16806434309118953,5.197715150584907,1.0093661890724983
28,2165220000379117,0.6712606084247476,0.3928539010765963,5.359563412184153,2.6862777740099815
29,142205126653700,0.7366569794451162,0.4871258088559692,4.151928772587423,4.001073245605444
30,180327282813538,0.49857727827830733,0.3272372307278946,5.452460529083447,2.923263882579611
31,178481726332829,0.5398448275607678,0.6554472943450191,4.895782664964334,3.4940898448135975
32,151906702337043,0.17764543794407311,0.2105904447479219,5.969685932298879,2.766235332042682
33,232871430741025,0.5676913671990832,0.13454208091392625,8.150448293989545,1.4765712398466038
34,286510035288905,0.884690592069443,0.23628271571760567,13.882513847215394,2.569991851363288
35,183313009178246,0.6625128944282298,0.5731428939015442,6.323005791606457,3.141334483742873
36,153415092184931,0.3822968080035985,0.40065860148893706,4.9129397950622815,3.177009706079395
37,177099999646982,0.42053903004045357,0.42544586524161604,5.5888442005366095,4.94607393430275
38,159809171378917,0.8397489758431563,0.3729585464049487,7.659139545612427,2.429887676424593
39,137102747096458,0.693494440160414,0.39201945192995064,4.16348240175406,4.20727802796704
40,144788436387220,0.2812392566302473,0.22761697951405924,6.567334847198508,4.400571210653804
41,110982076486017,0.48443994452857747,0.14353505577590162,4.592014529530409,1.0906629429829828
42,1936963843006626,0.5445924058489411,0.13825506329712225,6.634686749598794,1.8600439137457982
43,137757803662107,0.4311500998089862,0.3210922133977696,5.216466879036923,4.127759295256286
44,181980212494019,0.48608797062040504,0.2979641352992968,4.829502457197262,2.5461216251808105
45,174944149865638,0.5116781673080484,0.24693740569039083,4.5696114241392625,1.8988466336813599
46,148313022698476,0.3173870930564889,0.1980021093632853,3.862978410172172,2.818709911506125
47,2142577795957193,0.5258580893108825,0.13169674047695926,3.820027865899022,1.3382340642456494
48,173422010020373,0.4688276308063086,0.1900102898107948,4.3499458022391355,1.8956660198802389
49,2142509999304237,0.6015117470840546,0.1457763326360134,5.186770843864086,1.5757968746205513
50,2166453986939743,0.8291469623195072,0.2663381776567973,9.578408075172705,3.5412174324644767
51,183235705723693,0.37325136767285433,0.28857433993734793,4.109242082452451,2.8376538008038206
52,175814796595035,0.7469354157969275,0.37470412676044873,8.55878497161958,11.044121439128036
53,1839497672785722,0.6273539640804394,0.20450087068711212,4.979017463346103,3.3719139391888127
54,206586463503230,0.5934180849512051,0.5144866148741722,4.898218167820688,2.768207265356384
55,170899227130924,0.7937059607575377,0.23754216792039903,7.2918252054650115,3.7437623874277954
56,180618552655407,0.3056491720839733,0.15669344340921024,5.37756536243783,1.1806223114836143
57,178766769632472,0.2902886020562727,0.18061940580426858,4.335961983281137,3.122255349344106
58,177271779632328,0.5207100877052477,0.3963741725436327,4.113361811221833,3.592651422003665
59,183514802503430,0.6950052639452567,0.5794327379228085,4.435313001897529,3.558861679514034
60,211377916252816,0.6497073118524381,0.5690538149928475,4.292350189714275,2.618969812916014
61,159087918361150,0.6025673844520826,0.18680050733694495,10.503263274379455,3.294371753130531
62,186422668691061,0.776822438015813,0.4790051114132904,6.1357298758863745,3.4125974469371707
63,197194824451525,0.8470139670598542,0.5255229085502884,7.951137696676694,3.543506800708966
64,194006901252838,0.33370238865442076,0.2555035930713548,5.9209584021606645,3.302964709431332
65,191006331605837,0.7695595562677482,0.4409451122761392,9.942514287655024,3.0752132744645695
66,183021975741183,0.7396749268081863,0.35711718155019506,8.039120026860974,5.6291158880049075
67,199449780892286,0.6006295598232632,0.2707057740501984,4.454258039754807,2.328463055963903
68,214078789388753,0.5656346834076186,0.4112728941592433,8.124525561024177,2.176584310668503
69,206177536862294,0.6117362424793358,0.30969250074064725,4.366053620448794,2.2522749669460733
70,216675408946004,0.7581359882148044,0.39683397072101784,8.214692636464779,2.9616907328913893
71,204789383499240,0.39052430720269093,0.37845518528873495,5.129257034759663,4.660494583807056
72,202632990569294,0.642446979007562,0.5628260314847066,3.7545590013434698,3.8804657767335096
73,218329898777280,0.9072453153634914,0.5751166225889399,4.031933093585997,3.3929500974796634
74,187060525471940,0.3141650190243687,0.1757498401686373,5.213348634305778,2.148775092429178
75,201672307146275,0.4099098274526627,0.3293384103172692,4.000306059957464,3.699733582669299
76,213866205895545,0.21559879633102785,0.176923665813817,4.252172297817571,3.233558290170786
77,185393705495692,0.729658470612013,0.29557206342517117,5.979714595018614,2.715750465910434
78,206984540025479,0.6465743838339877,0.3051294157506253,7.2893675131852405,2.1066316010274693
79,212892589322397,0.5385545856673518,0.4779263334902141,5.486891774667279,3.084116983159883
80,214500619346771,0.2857701453400849,0.22969666844822142,5.276685235420241,3.6702046195141427
81,217995235471413,0.5361398569937688,0.2557394717388551,7.815983586202571,2.1288048436246987
82,219273888800642,0.6061993676058569,0.3202989604287105,8.488208105771074,3.0241465743046363
83,223957128216501,0.4976687187406267,0.1635163956161401,6.382530919879361,1.9905169510302698
84,220587792001869,0.4458675728883121,0.4270605972508267,7.45215486270538,7.511209212696482
85,247387142688203,0.5618736676430516,0.6995669781735037,5.055288120309659,3.445975124477539
86,227510924524449,0.30596832983617006,0.14252457327816556,5.034320655628393,1.4853189718250652
87,263131344430229,0.5951602015978488,0.49602896296240345,3.7482067083130457,2.7651598586770914
88,220702031859866,0.774212958511282,0.4894558904360901,8.615560320404509,3.9306401219761002
89,233929350704306,0.5813827952361164,0.3572991243782506,6.193465086027112,2.9787315123682667
90,247418095811976,0.46805444430189563,0.2877600749813496,4.625786865460196,3.457517163284532
91,253159831907410,0.7929190305700338,1.0048620340985026,4.771578600851965,5.926233063380764
92,241606593279794,0.3178159505247601,0.24466937586161108,5.297193781821072,2.9349503488974413
93,233819257293750,0.8304851637225175,0.20472813576794377,8.009922128764881,3.106280218712932
94,244403692982726,0.29230289515940894,0.18735923285385442,3.632823899265855,2.8328626563061894
95,242278109965859,0.7755621282519198,0.21456031512108792,5.909608147162941,3.0194258799087983
96,234781730535787,0.5375495160453237,0.1308225185652124,3.028103893598742,0.8351252353421981
97,252393038830012,0.47622788092676593,0.38692370075524957,5.35522365054033,2.945583479637027
98,283801585494713,0.6740331623773379,0.5259019441025347,4.608161374450036,2.6300371078854248
99,234917043856503,0.6962766223869511,0.17005107841804956,4.8810755180625085,1.2570263640198454
100,232914284053409,0.5779541208136816,0.1462569595266267,3.7013934577309087,0.7558472075571572
101,260140517868983,0.27271834188504085,0.2015785021636574,4.299782995123407,2.5657394802667217
102,235974973742781,0.6658277199913877,0.2825601224145033,4.2437024645303385,4.592158958844404
103,241518573209930,0.8034062746662508,0.17465915430032836,4.363378597363312,1.007282916146734
104,255440348337240,0.5157499747165079,0.36067269315555933,5.7147706152232995,3.2122694918605017
105,249057315955347,0.874069303403766,0.2668759124094885,6.633991287398355,2.8869004223141177
106,239522353394313,0.7203746254667873,0.19813406855437563,6.869439765146584,1.7455507140468665
107,240905543242042,0.8739223464568613,0.21877388070947637,7.219767850473236,2.1490456326861738
108,258772411647271,0.5447326057627303,0.15623716025668197,6.608078044598634,1.6883127594409884
109,258830751347976,0.3005196457717364,0.18055517739373064,3.476246305951457,3.681631466659505
110,249246492306263,0.955110993160114,0.41486389785599814,11.745367900963645,7.982553097157753
111,281492702411216,0.685429485780923,0.5454152468262893,10.57765098552421,3.7741118720496813
112,232571644105129,0.40710710867637645,0.14191022812711462,6.8654989616242235,1.4756611380076161
113,255100285195542,0.4551976675798696,0.16581588278431697,6.790059207688696,3.0426913338213213
114,273205793403065,0.38290777261864084,0.11354823810670368,4.023295636064312,0.8975684239371624
115,288754474999503,0.4294618998150362,0.2813399992860508,5.809596193310669,3.8139616138823853
116,278743852967446,0.7206105551260484,0.18959716304181645,10.075943558598588,1.86496182717618
117,236842090334013,0.3942840344357492,0.10489975817209923,4.1324638238176945,1.7478783613768045
118,283015479201305,0.9372597361785656,0.27126483489369113,8.09685931461737,2.8272454521365793
119,264593347507584,0.6294936764797505,0.1389444005399517,7.24435622595281,1.8205019766910449
120,216024005672627,0.1257237836718259,0.13958785969789025,6.32263540830034,3.0706602685500783
121,289121508357014,0.7470682934649576,0.2794132450760151,8.27375220599091,29.51223906170091
122,290398118226413,0.5571267166200302,0.1683399363101509,10.291145554886857,1.8016478430431744
123,314111426032770,0.6066715555450574,0.21514378693113756,6.4531443668561,1.7117670290219373
124,325674671298318,0.33098023717871705,0.32667837442711356,3.846433081102358,3.15825716638128
125,283612465580242,0.5766967182414623,0.15230423015206224,7.2216927398776045,2.8006206427144806
126,262095354411409,0.23770408730582407,0.09531398377672005,2.7868942502932557,1.9821099782170966
127,308365659757530,0.6101105520666631,0.1852228947629977,5.989752945787178,2.5905049829921745
128,293638334810125,0.6219509248694257,0.19683359575089482,10.81850984434159,2.530401039541346
129,291237701714275,0.8414330821550534,0.1994880778112952,6.007821288893141,1.4288121097844964
130,321835121706293,0.8232331568078793,0.1664638270113545,5.816932387313483,1.1066793693841406
131,308063573317258,0.6901381026369119,0.2583423131428317,8.140365164198588,6.57802174528809
132,311961762715673,0.6906391482863069,0.15696389125090146,4.345294147166918,1.3167696344698883
133,322687581840578,0.7515745380420805,0.27546060130196026,5.862295734739835,2.26854008194566
134,296883837769733,0.4012177059183479,0.10818790111050655,2.8277253289968964,0.7011753739634854
135,315210329033243,0.5497870836282798,0.1338622775847555,3.2389567165414888,0.9471389600648729
136,314688785752136,0.7041469781463139,0.2629675750072317,7.268418556117898,3.646275361016913
137,320897632001904,0.5251447667345067,0.1264761137104085,7.450961533792913,1.8401004815314725
138,313874096056086,0.7005899358959099,0.2567703324270022,8.174765927353613,3.3833186057754023
139,335745203839619,1.0739200454225268,0.3429477648746104,14.31599353512198,4.890074325437709
140,333614150739207,0.784509444515429,0.25180380560035015,8.286496190497404,3.7408020227352092
141,360145664525832,0.5647801477406329,0.174214219899794,4.525811634923209,1.3851616154529176
142,385915495241998,0.7100893338727047,0.2865751395717747,5.485811863352062,8.971082489694119
143,339212646649141,0.8836470919876216,0.252149038857294,13.5753596670468,5.115599051935602
144,397157327453493,0.7118267447942843,0.481262877442638,8.753624498316862,3.093535830886485
145,368823013640377,0.44940707932155666,0.3486833869399725,3.2560904475112715,11.826729211677284
146,312125032701948,0.550516423304782,0.12556585831333783,4.924582650306139,1.1489905740892499
147,387935835060549,0.3836608531253757,0.43290065769659253,4.818468411274631,4.370522230557644
148,396634770816386,0.27793422508378035,0.31226077084876114,4.531805404919155,3.212133620816079
149,297630084363793,0.828567314195394,0.2846709015354089,8.640053801553615,3.446575081531628
150,395895884253666,0.45658112181803095,0.18811184169010137,5.0938303367426885,2.1970206341467327
151,340484083360296,0.6831449290459534,0.18764034813323388,5.864900648731256,1.6290115092662478
152,322244864990513,0.5713031658231538,0.15000063662241298,9.633998177454393,1.5392727649239646
153,336158470488467,0.4141531714206884,0.16561149316142748,7.730849466026489,4.3209829626369025
154,360770204445616,0.19537873293125008,0.19188157973224398,5.563146895133164,6.249319855674988
155,399702083848716,0.6766235727985879,0.5712140265585128,9.700706338058234,9.848998058155043
156,344604589401698,0.6819342022567995,0.6444372029807358,3.8910731400104126,3.769866103714556
157,396278524204344,0.7165541413923512,0.5431021132046481,6.228861482531792,4.644019515360349
158,453094225115113,0.5236583213134305,0.7105126828684275,4.4576482669572535,3.0823523869703537
159,406361579772961,0.8857625755433185,0.4569827418015734,7.947193128327752,3.353060701151862
160,394174284430856,0.2613873508244286,0.17453913326208084,2.6673458560719725,2.9816742574587547
161,400349747140686,0.6976042411732684,0.7829515781505214,6.202896634713222,12.780898657762151
162,412999689179780,0.6974163874190693,0.39987447215997135,4.327017098777853,3.054490030081151
163,411204512715412,0.8016937947324416,0.5982616202767708,6.086476163699563,3.874691358454885
164,453528795093790,0.5711621126418271,0.24598966030527072,6.0800087088227555,2.4910638819484587
165,470089033444391,0.5298242662876869,0.6472832814398534,5.616214082710525,2.7741954331078076
166,397812234053716,0.3068774633973663,0.17920331143087,3.6094793426949776,3.217073273236684
167,407198399690538,0.2940377408710458,0.16087414639002232,5.7543079753459105,2.289505088533946
168,308691706335906,0.16861963054609763,0.15356191496658989,4.0569468304445016,3.6051020216560072
169,433097980495445,0.7696154476258104,0.31909292213807805,8.278362185668671,2.1319340126045425
170,467106657072642,0.5387562119435461,0.7200688723871755,3.417854133432474,3.0813127325941942
171,407482562993340,0.31967514904490707,0.23733133515079138,5.497259561388345,2.9314802363083374
172,466652040457332,0.33200146677443687,0.32302392789362544,5.177701337800885,3.0091352236905173
173,441328419667446,0.803079224403509,0.3573284659441371,7.838410138379164,2.8639778369216047
174,329295474484338,0.602696122178731,0.16043046962208857,9.3870670335391,2.490678270326295
175,431655883928014,0.7946910535098328,0.4070665572611031,6.033385602110363,6.320726290357777
176,480770639010144,0.3703532969525016,0.14419959540135327,3.0299099377928087,1.8789626934704702
177,419060135292223,0.7559502344170669,0.21784356627112508,7.762834842616612,2.9424487381694946
178,400052823860790,0.6532184103514399,0.13400868590515005,6.511891913912607,1.140356553710759
179,496072817492636,0.7372352430386536,0.34435102474542495,9.783835391857936,3.192268833629717
180,487369381911326,0.6357456664909658,0.13774064127444197,9.911749138566302,1.1084244155886327
181,490761631408385,0.7980913648937815,0.31796353865440946,6.297718803390489,6.055726609004042
182,380164865892065,0.7671422664171206,0.2461584186169958,8.51312333616129,2.500696413797244
183,486958458473336,0.880709405527315,0.3124578762131917,9.330592875621527,2.3606910732504574
184,618089855222021,0.8585734026024823,0.2805438154473642,8.83371126387863,2.703956788671261
185,579961112398553,0.2576530254650872,0.2331937043624892,5.2058143406696376,1.8721433026864176
186,591570041214843,0.804387130644069,0.6374246409749197,6.998790273408145,5.239928757545005
187,612926992405323,0.6775434282302133,0.3014723168227243,6.88008401629029,3.7689840061238824
188,461265100982031,0.6771554301275299,0.36981929593354335,8.653217632449051,9.68153238112924
189,614178558951566,0.2961146038990734,0.22371166908391765,5.975373251147565,4.4476543397625665
190,508743996262115,0.6440073533089129,0.2030146480856389,7.955037121188973,3.028609865979892
191,599336133774124,0.7861292837506343,0.3897643099613387,6.017074581367298,3.216885594028739
192,548083062313767,0.7169631493862978,0.14862139182240813,5.847803022535295,0.7952731238207567
193,624569231226471,0.6091459865498534,0.26151708094965176,5.675830649531061,2.4262735519820238
194,538097076616516,0.20493336371131105,0.10314416779249981,3.815734497992901,0.9239187444189244
195,518832795231292,0.4914380474455343,0.12135568858822239,4.890598007952127,0.8834743562678865
196,639127009755676,0.3949447067297796,0.24470293527760825,4.204959035670026,3.9046280127289603
197,708793149458860,0.7046519196046674,0.6255907882269327,5.799873300907677,3.0982457718246255
198,645060325839804,0.36173649154428833,0.296795423104493,3.886071467825783,5.558477984401682
199,548773022228569,0.9321890393741402,0.30319719035984294,10.51487483728143,6.419352269095214
200,644791665868232,0.3519395099442651,0.22777144733687404,3.69699837990742,3.0309406550488425
201,656803608046260,0.7567389114615573,0.3771402578192482,9.29485285983223,2.8887103380419736
202,522301668240659,0.41706244950920907,0.1131914557483957,5.2516630308728365,0.8261905557896242
203,983795435117367,0.6531849374027271,0.5151544455424807,6.328819374992425,2.822948610755315
204,429371700923189,0.46894756075762406,0.12510502449406213,9.9243639190566,1.013676355694991
205,898618183653763,0.5912814338915245,0.46285873589347953,12.948205689335955,3.167577547611174
206,747995398924210,1.2592582495361808,0.4005365909586874,6.792203092263822,4.037741642199739
207,709069206092836,0.6512932950194972,0.18224569641146623,7.175211511390716,1.3342183144589526
208,687428001632171,0.5709975467075709,0.12223427749987975,6.3857117061211675,1.4564553597979268
209,696837714012501,0.6326398915747763,0.22141394296059025,9.952900030705061,5.984187066447695
210,569629456799259,0.7977185071472059,0.23746914764768245,6.316169866153642,3.2470534782727487
211,992577124233580,1.1058060154974363,0.36141369070117796,11.948672495117899,2.553667322250579
212,841161219407636,0.4623443012909051,0.24138568532959545,4.174992848238693,2.3605533946011636
213,544792582629318,0.42887807264570915,0.12139694851719804,6.223542361039967,1.1280302646201625
214,698073493890712,0.5006674511380812,0.17084702373101052,5.000851184586578,1.7099910331353292
215,812267285643001,0.4243123514469134,0.24836133558936013,6.445425526683969,4.559389502187364
216,883983968475391,0.2663154676079021,0.15896740459583508,4.934278402718441,2.057035416700393
217,827938664068086,0.3471057110231917,0.21264557464597272,4.59672381631997,3.9691075900829325
218,560945757695558,0.5295605546530355,0.13192678831651108,6.523062478422283,1.1047945727886521
219,697631693927504,0.39889828875539196,0.11225473924568327,4.77596778205339,2.536237864704211
220,508064246333280,0.2502420229008756,0.1025862274461982,2.9907360474188014,1.0092522427377493
221,1518393548269327,0.5568407445400844,0.4800437313058748,6.389442413568158,3.4283893190526076
222,1063304483833738,0.39690068523950767,0.2751082748248124,6.7764331007959635,4.100988390093623
223,902754549897515,0.3492991893376646,0.16605225969841153,7.771591166821233,1.9076081081243563
224,544387339332670,0.6038098115681155,0.15791202347663055,7.600218029970649,0.987522268101662
225,523512191443344,0.5241008056793149,0.1266186982999284,5.364646037139786,2.257167485154384
226,971945506346908,0.6251369337217403,0.1712424696476868,6.491063161068891,1.2592191179813972
227,1122718257881491,0.9366377041842693,0.7474938647278997,6.094966295185816,5.53651186076294
228,1701333893314862,0.7743662337735289,0.4923660277108762,3.9695928648510055,3.315527593990418
229,864853400371280,0.982482848012344,0.2886950771065204,12.945411369322297,3.070208186737249
230,887726401419269,0.606147438650728,0.1566662477417667,3.8465957147797503,1.9495058493085788
231,843819422476591,0.24127821074348424,0.14002146385972927,4.155162765025355,2.8995980596266744
232,998764646976890,0.9836814960290226,0.2607290680944417,5.066595360486269,3.879463326092553
233,1263909867077823,0.42910762142378023,0.4354185745085513,7.05867949176862,3.3299080107674492
234,1709847209051326,0.7046686701545875,0.5406280378856794,4.450410299199638,2.8052338603930274
235,1061397214065552,0.8129984100842759,0.17717297981235594,4.18580728997717,1.2919588396196158
236,1237525139717695,0.48828042204809957,0.24845192194657958,4.603378122778731,2.8059085753223227
237,1665354546913958,0.26020590444183456,0.21369944500214927,4.67334308922801,2.3060305011012803
238,1585593578232757,0.813646884535947,0.2654593617919117,7.191719745621066,2.3899455138770773
239,1550004588439257,0.6126610638839176,0.3563965928271939,5.339317507583685,4.568832215514103
240,1709537415833584,0.4028393568372787,0.21814978987968028,4.581067517909437,2.518603608816536
241,1844932992477345,0.5441744522671957,0.30673097675187266,6.323102124715664,3.0123031925616828
242,1710110305709796,0.5552897032470009,0.4393256419980677,8.14749937019835,5.4021709601277585
243,1726898184057902,1.1068310570279272,0.4479727810073616,12.059385491938801,3.013430449875073
244,1488067567991708,0.6034586384644348,0.16357500941514774,3.8430851036240963,4.581601619242422
245,1732737526772563,0.28729778337486317,0.24596704054258786,4.352897331396625,2.7483310649524766
246,1181699808634375,0.3261336637069446,0.10296118538910463,2.915921647503357,1.9548080951771096
247,1698087453644386,0.22982107454869075,0.20816901327209317,4.448174903215096,2.280375779360095
248,1198315403643276,0.8731324258047225,0.28402908676870237,7.326431055486733,3.779985728904706
249,1804414336532446,0.4030842395345262,0.2066228422520871,5.384371322272051,2.094007570549221
250,1695693057206282,0.7471471732897177,0.19605946235423785,8.421574088546167,3.65744855758875
251,1825530650825953,0.3888828677584946,0.19591071780716207,3.876084864356341,2.2136552805246787
252,1897064490314938,0.4978022431010442,0.3169436162144879,3.9964565721425185,2.3226365674515956
253,1712001452216307,0.4866055770820351,0.21475937660255198,5.254370766459239,3.2853508982283475
254,1663305670432966,0.1197959438386431,0.19140703285835547,4.719134802238324,2.8084437138290665
255,1897886920503721,0.6994708832526001,0.3166478994272586,6.766645317474119,2.9057898437243206
256,1750753748367287,0.5170978170417333,0.159156352205312,7.928187735879543,3.766022141911012
257,2012148812203579,0.18761443634655864,0.23179526192687597,5.0924442717916625,2.6382242642903724
258,1999700560343994,0.18255809363540534,0.2043346106294834,3.9444446349051114,3.6474957239513386
259,1834121153307717,0.6774363996379696,0.19106115173259108,9.549480530132067,1.5464929336024422
260,2015502361795366,0.2802295451125771,0.25846285286048637,5.414348574748893,3.688397794322867
261,1992058487774563,0.6707517089436361,0.4683908860363745,4.383094458841679,4.711565333611825
262,1908720219163387,0.8054731932626941,0.16427358104341505,3.7965538144393682,2.4001144887364756
263,1884755498499280,0.5999211089926819,0.17259385232812782,5.789626137869995,3.7374095080278784
264,1990397187698502,0.23119457333251678,0.2238495172801255,5.277384283898269,2.293381061411861
265,1912322989063788,1.0221778400828336,0.4204830781286442,6.7523267511075415,9.738325033322234
266,2034137466605935,0.395807655869179,0.32283766863471164,3.7471721194724026,4.391922277927656
267,2015607748755669,0.3265604606071706,0.20237543192681193,2.8514330685423785,5.098102581533966
268,1426592494152929,0.17476366826403442,0.1926167656096167,5.617958658953239,4.149615264970999
269,2042683285993623,0.4853019472240764,0.3255027825291871,4.722289838372406,2.9272231741533674
270,2034027783581311,0.7729798897388216,0.437755937152271,6.349928926359988,3.393086947130243
271,1124057587736236,0.1346518264356891,0.18051849286283708,4.938570193154531,4.897335041877856
272,2057303611184189,0.34269425313221147,0.23783106848777638,5.579171764327839,4.37592030684028
273,1828669440550751,0.48980391588116223,0.13223809489025715,6.616995342603615,1.4395807442723774
274,1937646719869698,0.4325372074644293,0.12321624196623862,3.49720521168439,0.5869639936373203
275,1736824643102205,0.5855959774144717,0.14620671729932286,5.302497337548657,1.85650927461821
276,2046671272326026,0.3894669137170313,0.2802649275097114,5.691289808719199,3.7576920380302448
277,2066716600217952,0.32091655270161157,0.23750375002803276,4.3612805174195115,4.7937416425878245
278,2079516095645193,0.4673551719358476,0.2503488874270096,4.912700723471564,2.80823368859703
279,2077007562567374,0.28268361779521856,0.22743642920864246,5.078780247961302,3.902843136536603
280,2071339043144852,0.4397648734453499,0.4628650546298179,5.219596013483253,3.9240365559365977
281,1863275357097003,0.9613053333370309,0.37733373506625145,7.458850955442538,4.001297105956441
282,2036011336651047,0.42153423366573456,0.6769763825578763,3.3195786615928995,4.179289094636693
283,2066438670291580,0.565274896458151,0.596712781363742,5.0082742961365305,3.9618320134109153
284,2078835822358973,0.9748395380550025,0.3180320403230267,8.262640131659534,1.4998937720004597
285,1907862455938329,0.5609389126656419,0.1429651104426923,8.799973284049653,1.6333046432134077
286,2067880670191660,0.778159879477822,0.23214391155441647,10.342150821050407,4.01537427245711
287,2123576317684812,0.7752460217393756,0.5332880033601108,9.189796897590718,4.994738080400431
288,2109402839307260,0.5214701718233438,0.4071933706619857,7.707499592079792,3.4264878474823535
289,1807125206007404,0.17575563571102634,0.10007076145237624,4.5873577533026575,0.6204251830427534
290,2075821782451995,0.8499572382252916,0.3410477574923001,6.025235847076786,5.071129023526645
291,2154722178095332,0.7516414096352115,0.5831471570948001,5.811192134518422,6.244818044348221
292,2133975923526941,0.8520218859112263,0.19333476425818277,11.649556316265572,3.2696381590917825
293,2188622591189951,0.5854486193764966,0.14605651623019011,6.657855908166677,1.3219552851414493
294,2057712284468014,0.5178793957086543,0.14582425616038774,6.278251619494006,3.6542617460304414
295,2225704527456023,0.27228887096784904,0.17409091551560238,4.519367885369415,2.4867394279603436
296,2044094842567928,0.7257514569247886,0.1908654632431569,9.965713622597129,1.4131237373574292
297,2149067815413723,1.1754624758301955,0.2337200350434215,9.27812704919305,1.1658037267106804
298,2295836833760574,0.4136578712023046,0.31791209592158365,4.75543609302255,3.274879423598031
299,2067706456873167,0.8282487895755428,0.1785976340422477,7.136240320045411,1.2646618316095097
300,2155432657865133,0.6418479930159204,0.17349921149666325,5.054307958475638,1.2844881702005084
301,2200877040234922,0.6539256203609741,0.2278654896114342,6.480709222263042,2.852423479410349
302,175729529774207,0.6001981992579499,0.4604805062391446,4.011145212402999,4.348939507718585
303,2174410092814840,0.7198627967952412,0.23709100682808373,6.79640818307107,28.997599350866327
304,2255256234792546,0.8579640324058045,0.1981690663610679,9.457576257438921,1.9007254300060314
305,2198915583516767,0.749487268752716,0.13396302520759043,3.7205588886863823,1.1860748790672244
306,2248731132017439,0.4480694976677973,0.11894235625292618,3.12206947683151,1.1694724962638463
307,2147075558879374,0.5996678581327497,0.12929741907267073,5.692919847727512,3.2073664873995447
308,2224042907609895,0.8208731143938005,0.3034450671012119,6.688266877020641,4.679413431077502
309,177568983090293,0.55415499314467,0.3438401485677364,5.390234096069612,2.652107874369085
310,181717792538459,0.37666721647356993,0.35288714187702674,4.1122318478375135,2.6175383852525766
311,2378886872127144,0.4849063886877029,0.1762208200040632,8.528340121881472,2.295646517895961
312,2280739285490616,0.6940399269740387,0.21998005505304574,10.085668086993177,2.0213917179016754
313,2346450392095315,0.49667514257827383,0.12161034112299621,4.755148008738824,0.9948289785700829
314,178577832990152,0.48733448890068964,0.4497588290606159,5.707139411311204,2.855704372134972
315,2064460340495411,0.1437761471627413,0.16675556537067235,4.183233027762197,4.448077285716021
316,2690880641137421,0.559999580525366,0.14556192136456075,6.523298797977288,1.1652117502532289
317,2135016946812445,0.42332365547461487,0.1114004798484658,3.9594611003187667,1.0764082049946888
318,2747703168661725,0.675361413716418,0.22181665845588042,6.617371663548506,11.7277962437965
319,203347623516637,0.6506342862061981,0.33769251677048207,7.032351395133957,3.311439386231139
320,244090216144221,0.38459418624986624,0.20891746544291387,4.724034450312438,1.8179905861628987
321,2515549922059594,0.6792631978434993,0.21394547417955762,6.094066181256746,3.511905522798966
322,2173873602837627,0.42998729793430446,0.12407098438277224,5.629231977899774,2.0630636024079942
323,254893955247638,0.34123108192737517,0.34430011710214636,5.6384099612731005,4.280737979863649
324,249396005780014,0.7125325848343715,0.1462700236441019,5.163994038214547,1.3908526343895717
325,273284860076442,0.4136689850742853,0.4434810981397281,6.327824732763747,4.29003733311958
326,555116858217612,0.7326785973069,0.4949460503048729,6.290652268852164,3.3078670264293417
327,309916083143792,0.9613097445739561,0.2539008510123365,10.692476243773134,3.6076897331107163
328,1969082553401908,0.452079944629029,0.2518591130830907,4.568754457424756,1.9417555442163155
329,313472039429513,0.21811841780358823,0.11836093111366358,5.08723366690147,3.1460324976102703
330,2184296651788822,0.187149855470012,0.09583776751997537,2.840278356104237,0.7697577132542217
331,1078680618948414,0.6982200520460996,0.4412306476644742,5.445520404277987,3.3485587762321094
332,1687788628006357,0.7399898451068504,0.40968495598203986,9.603225157693501,3.1913401370017653
333,326818981183534,0.46515577498617566,0.24135344290695324,7.8303782028238516,7.8194809326546535
334,1525633960899208,0.44095580406627555,0.34645354931839206,4.351404141807122,3.540454854771819
335,1697857583646075,0.6397466827327908,0.4743049195152492,5.192554979971371,3.13005280774594
336,471365173360928,1.1108315959795303,0.3243022090607703,10.926175123518277,3.0377855401352827
337,225800518293160,0.5822654115379777,0.1372465564437709,5.17651547218223,1.8358466175799013
338,344931662710357,0.2367957164194131,0.13575922649278027,3.698254978325145,3.1263429418492747
339,656164344732269,0.31129677551699686,0.38397557542188615,5.4744950026485855,5.190060076740486
340,1826921427346163,0.22036534430844493,0.1745155634102445,4.822431833526166,4.106491385949401
341,479280389232627,0.46375832249386867,0.12232298293833682,7.293732710825826,2.2118118252182533
342,2106110069666399,0.5615149814755861,0.3772649277974089,5.56778602387475,3.344521649878553
343,985482624973242,0.8422179381025708,0.2676160804196113,8.33950020984997,8.952999756775839
344,598898490508449,0.7814853704996769,0.460793855041325,6.834161819824621,13.241379536944185
345,2320103568006940,0.20476087970743678,0.10244357936434693,6.566378425651366,0.9972700481162345
346,2015216431883514,0.5519214887312593,0.5031948858518599,4.301989305409892,3.0880336997174664
347,1502425973192089,0.5129431964730041,0.16252352273053966,6.6399743916543015,1.7874242632276647
348,2200448940233752,0.831298783475183,0.28922999594560167,6.807457002382151,2.6098965120594397
349,2246760938933792,0.8363972149677726,0.1727175643597322,7.759231250174307,1.5442760292699904
350,2046520358743583,0.6768534448997298,0.19436764392898775,7.5603001924447675,1.896535855614316
351,1951840265116479,0.6828873575818732,0.24883847843050155,8.296838000184955,3.8559750928614673
352,1843664699074684,0.43043828615785307,0.11914669830134747,6.388433050904873,0.593100686546114
353,864845503722445,0.34830510854445773,0.11620881028261171,5.42311077200721,2.1520335123119736
